,sidx,idx_strs,pargp3,parval1_3,3
0,"('BAR',)",idx0:bar,cdrn,1.0,0.999703348870000008119518497551325708627700805664062500000
1,"('GAL',)",idx0:gal,cdrn,1.0,0.999703320529999994725756096158875152468681335449218750000
