,sidx,idx_strs,pargp3,parval1_3,3
0,"('BAR',)",idx0:bar,drn,1.0,1.151351767600000020053130356245674192905426025390625000000
1,"('GAL',)",idx0:gal,drn,1.0,0.637261062550000034754305033857235684990882873535156250000
