,sidx,idx_strs,pargp3,parval1_3,3
0,"('BAR',)",idx0:bar,drn,1.0,1.255410753999999906582729636284057050943374633789062500000
1,"('GAL',)",idx0:gal,drn,1.0,0.422364683829999976172331344059784896671772003173828125000
