,sidx,idx_strs,pargp3,parval1_3,3
0,"('BAR',)",idx0:bar,cdrn,1.0,1.000820566900000097021461442636791616678237915039062500000
1,"('GAL',)",idx0:gal,cdrn,1.0,1.002004267400000037113727557880338281393051147460937500000
