,sidx,idx_strs,pargp3,parval1_3,3
0,"('BAR',)",idx0:bar,cdrn,1.0,2.957491038900000202005458049825392663478851318359375000000
1,"('GAL',)",idx0:gal,cdrn,1.0,4.514409868099999556534385192207992076873779296875000000000
