,sidx,idx_strs,pargp3,parval1_3,3
0,"('BAR',)",idx0:bar,cdrn,1.0,1.000010674499999918651838015648536384105682373046875000000
1,"('GAL',)",idx0:gal,cdrn,1.0,2.091025189099999792574635648634284734725952148437500000000
