,sidx,idx_strs,pargp3,parval1_3,3
0,"('GAL',)",idx0:gal,cdrn,1.0,1.956171506400000037473319025593809783458709716796875000000
1,"('BAR',)",idx0:bar,cdrn,1.0,5.551780174800000189350157597800716757774353027343750000000
