,sidx,idx_strs,pargp3,parval1_3,3
0,"('BAR',)",idx0:bar,drn,1.0,1.000000000000000000000000000000000000000000000000000000000
1,"('GAL',)",idx0:gal,drn,1.0,1.000000000000000000000000000000000000000000000000000000000
