,sidx,idx_strs,pargp3,parval1_3,3
0,"('GAL',)",idx0:gal,cdrn,1.0,4.091994741099999721711810707347467541694641113281250000000
1,"('BAR',)",idx0:bar,cdrn,1.0,3.233226054300000207319953915430232882499694824218750000000
