,sidx,idx_strs,pargp3,parval1_3,3
0,"('ghb_w',)",idx0:ghb_w,cghb,1.0,0.17419778485000000922688911941804690286517143249511718750
1,"('ghb_s',)",idx0:ghb_s,cghb,1.0,0.17681574658999998916897311573848128318786621093750000000
2,"('ghb_n',)",idx0:ghb_n,cghb,1.0,0.33504175953999998371912738548417109996080398559570312500
