,sidx,idx_strs,pargp3,parval1_3,3
0,"('ghb_n',)",idx0:ghb_n,cghb,1.0,0.99970330519999994756119576777564361691474914550781250000
1,"('ghb_w',)",idx0:ghb_w,cghb,1.0,0.99970336507000001624589913262752816081047058105468750000
2,"('ghb_s',)",idx0:ghb_s,cghb,1.0,0.99970337548999999022214524302398785948753356933593750000
