,sidx,idx_strs,pargp3,parval1_3,3
0,"('ghb_s',)",idx0:ghb_s,cghb,1.0,0.67874717062000000655785925118834711611270904541015625000
1,"('ghb_n',)",idx0:ghb_n,cghb,1.0,0.08595867905199999770005092614155728369951248168945312500
2,"('ghb_w',)",idx0:ghb_w,cghb,1.0,0.99876282846999997477865917971939779818058013916015625000
