,sidx,idx_strs,pargp3,parval1_3,3
0,"('ghb_s',)",idx0:ghb_s,cghb,1.0,0.99999995065000002458788230796926654875278472900390625000
1,"('ghb_n',)",idx0:ghb_n,cghb,1.0,1.00233064250000003525542524585034698247909545898437500000
2,"('ghb_w',)",idx0:ghb_w,cghb,1.0,0.99999976809000001853888761615962721407413482666015625000
