,sidx,idx_strs,pargp3,parval1_3,3
0,"('ghb_n',)",idx0:ghb_n,cghb,1.0,1.59024701410000002255173967569135129451751708984375000000
1,"('ghb_s',)",idx0:ghb_s,cghb,1.0,0.59586340767000001150677235273178666830062866210937500000
2,"('ghb_w',)",idx0:ghb_w,cghb,1.0,1.13286482390000009523589596938109025359153747558593750000
