,sidx,idx_strs,pargp3,parval1_3,3
0,"('ghb_n',)",idx0:ghb_n,ghb,1.0,0.10000000000000000555111512312578270211815834045410156250
1,"('ghb_s',)",idx0:ghb_s,ghb,1.0,0.31048418304999997330284600138838868588209152221679687500
2,"('ghb_w',)",idx0:ghb_w,ghb,1.0,0.71005867746999995482326539786299690604209899902343750000
