,sidx,idx_strs,pargp3,parval1_3,3
0,"('ghb_s',)",idx0:ghb_s,cghb,1.0,1.27862700259999995111570569861214607954025268554687500000
1,"('ghb_w',)",idx0:ghb_w,cghb,1.0,1.03093888819999990325015915004769340157508850097656250000
2,"('ghb_n',)",idx0:ghb_n,cghb,1.0,3.93799654679999999729034243500791490077972412109375000000
