time,BAR,GAL
1.000000000000,-0.16232,-0.14945
