time,q,mr
1.0,-0.45065888888799976,0.2205575514545334
