time,BAR,GAL,R20,R21
1.0,0.0034669459074290663,0.3840944659922748,0.2344943868607259,0.3621055111415999
