time,PRG,P8,P24,P25,P32,P33,PF,PH,PZHM1,P26,P27,P28,P29,P30,R20,R21,P34,P37,P38,P39,P40,AP1,RCK1,RCK2,P23
99.00000000000,8.950051963,9.687188016,9.864348195,9.924528056,9.075803844,8.962762193,9.872712672,9.116863237,10.11668789,10.67711329,10.17658192,9.906191479,9.956245395,9.942176518,8.787099476,9.036149570,9.462034189,9.336834947,9.339883428,9.853481133,9.909572931,9.680252765,8.834590774,8.878201601,9.702592227
