time,BAR,GAL,R20,R21
99.0,-0.1194,-0.08016000000000001,-0.05393634,-0.05703679
