time,BAR,GAL
2.000000000000,-0.15854,-0.53603E-01
