time,BAR,GAL
2.000000000000,-0.12413,-0.89908E-01
