time,BAR,GAL
2.000000000000,-0.15429,-0.70761E-01
