time,BAR,GAL
2.000000000000,-0.93862,-1.6548
