time,BAR,GAL
2.000000000000,-0.45683E-02,-0.42160
