time,BAR,GAL
2.000000000000,-0.39286E-01,-0.17826
