time,BAR,GAL
2.000000000000,-0.75997,-1.1979
