time,BAR,GAL
2.000000000000,0.0000,-0.95615E-01
