time,BAR,GAL
2.000000000000,-0.15862,-1.0078
