time,PRG,P8,P24,P25,P32,P33,PF,PH,PZHM1,P26,P27,P28,P29,P30,R20,R21,P34,P37,P38,P39,P40,AP1,RCK1,RCK2,P23
2.000000000000,9.432971227,9.848199782,9.886431399,9.986210963,9.497980932,9.396996099,9.756401388,9.579313766,9.895817250,10.24067563,10.13219316,9.892701168,9.926343802,9.945965883,9.162873921,9.391210423,9.784855341,9.613978883,9.631884182,9.929722209,9.899832676,9.843474262,9.380406587,9.396664332,9.759648069
