time,PRG,P8,P24,P25,P32,P33,PF,PH,PZHM1,P26,P27,P28,P29,P30,R20,R21,P34,P37,P38,P39,P40,AP1,RCK1,RCK2,P23
2.000000000000,9.181121739,9.890962930,10.14253513,9.858146576,8.966978589,9.001633958,11.32848215,10.36440334,10.76958521,10.42512864,11.24626240,10.55377623,10.79461433,10.75493639,9.111503662,9.613971993,9.304394092,8.887289348,8.963636945,9.970717298,10.31643724,9.822133693,9.087375403,9.090466399,10.50558127
