time,PRG,P8,P24,P25,P32,P33,PF,PH,PZHM1,P26,P27,P28,P29,P30,R20,R21,P34,P37,P38,P39,P40,AP1,RCK1,RCK2,P23
2.000000000000,10.40687769,12.69721919,13.57413258,12.38002573,10.10628025,9.897251380,11.66532661,11.81339535,12.43269323,13.39589557,16.29588147,15.55200479,17.74030392,17.53945131,11.15121997,11.83240816,10.94366638,10.21880013,10.89740904,12.80246249,14.24356450,12.15988433,10.02685257,10.24440349,14.57365891
