time,PRG,P8,P24,P25,P32,P33,PF,PH,PZHM1,P26,P27,P28,P29,P30,R20,R21,P34,P37,P38,P39,P40,AP1,RCK1,RCK2,P23
2.000000000000,9.297335170,9.519257854,10.28939740,9.682746646,8.307603065,8.239768777,11.74729824,11.18010243,10.12949407,10.36130184,12.18818847,11.55880222,12.67523893,12.44979596,5.507806044,4.492222603,8.819257822,8.320083440,8.100044848,9.831901848,10.84245893,9.079083490,8.259113426,8.301867867,10.88443176
