time,PRG,P8,P24,P25,P32,P33,PF,PH,PZHM1,P26,P27,P28,P29,P30,R20,R21,P34,P37,P38,P39,P40,AP1,RCK1,RCK2,P23
2.000000000000,8.462581927,9.484617403,9.764328014,9.700028650,8.539062884,8.423851453,11.60613053,9.454658202,9.988316171,9.950550637,10.23899667,9.946685741,10.09875371,10.29067145,9.049443211,9.499747290,9.071094355,8.478010593,8.852714427,9.721569693,9.849745510,9.610109091,8.539080961,8.896432123,10.28191818
