time,PRG,P8,P24,P25,P32,P33,PF,PH,PZHM1,P26,P27,P28,P29,P30,R20,R21,P34,P37,P38,P39,P40,AP1,RCK1,RCK2,P23
2.000000000000,9.334310745,9.554998449,10.12251396,9.772407705,9.008064131,8.876042815,10.81715396,10.35727186,9.913328118,10.14580441,10.79296835,10.38510879,10.54878918,10.45200596,8.898168829,8.563056280,9.114540498,8.960622011,9.019353365,9.882201879,10.22685367,9.532761719,9.077342728,9.050233637,9.913084087
