time,PRG,P8,P24,P25,P32,P33,PF,PH,PZHM1,P26,P27,P28,P29,P30,R20,R21,P34,P37,P38,P39,P40,AP1,RCK1,RCK2,P23
2.000000000000,8.476424362,9.490888213,9.749259538,9.688410937,8.455846211,8.445684608,11.79636801,9.311751909,10.08290313,9.966716738,10.33301219,9.925191210,10.12722304,10.32922271,8.939439052,9.503583576,8.789423369,8.463093386,8.721868286,9.705923897,9.828453009,9.600356873,8.462743654,8.503074081,10.28549852
