time,PRG,P8,P24,P25,P32,P33,PF,PH,PZHM1,P26,P27,P28,P29,P30,R20,R21,P34,P37,P38,P39,P40,AP1,RCK1,RCK2,P23
2.000000000000,8.356126655,9.516538940,10.09353679,9.560191638,8.191737100,8.237971020,11.65317669,10.91568609,10.10300881,10.45985584,12.40997685,11.27207666,12.83327590,12.67327540,7.721943061,5.833278223,8.760455963,8.283387046,8.633714168,9.737353261,10.59483855,9.127847599,8.286352377,8.275648533,11.35438316
