time,PRG,P8,P24,P25,P32,P33,PF,PH,PZHM1,P26,P27,P28,P29,P30,R20,R21,P34,P37,P38,P39,P40,AP1,RCK1,RCK2,P23
2.000000000000,9.843747160,11.17748146,11.95426751,11.38784614,9.763512390,9.594715850,10.60327466,10.90565714,11.31892539,12.15856957,13.36231021,12.81684045,13.38077810,13.03836015,10.22287986,10.90046912,10.25321751,9.790430599,10.08521129,11.57402783,12.33532701,11.28186110,9.706030495,9.855591892,11.62925945
