time,PRG,P8,P24,P25,P32,P33,PF,PH,PZHM1,P26,P27,P28,P29,P30,R20,R21,P34,P37,P38,P39,P40,AP1,RCK1,RCK2,P23
2.000000000000,11.54613208,13.50408553,14.32028246,12.74044751,10.36830817,10.18192456,14.28665161,14.36614048,13.11425278,13.74244815,16.79485654,16.27050146,18.39819051,18.25238435,11.14536697,12.21291975,11.38648852,10.34192150,10.90008140,13.28472762,15.06331114,12.91275739,10.49305746,10.65284868,15.60741855
