time,PRG,P8,P24,P25,P32,P33,PF,PH,PZHM1,P26,P27,P28,P29,P30,R20,R21,P34,P37,P38,P39,P40,AP1,RCK1,RCK2,P23
2.000000000000,9.285840369,9.334224511,10.10498386,9.486659105,8.168260255,8.119328018,11.64971807,11.11370145,9.959379979,10.16858314,12.02148059,11.38904980,12.52398638,12.29795460,5.310258673,4.296916981,8.705192299,8.120845478,7.901733657,9.639839499,10.66303764,8.886058139,8.256849688,8.265875991,10.71598621
