time,PRG,P8,P24,P25,P32,P33,PF,PH,PZHM1,P26,P27,P28,P29,P30,R20,R21,P34,P37,P38,P39,P40,AP1,RCK1,RCK2,P23
2.000000000000,11.92660272,13.73413812,14.55128587,12.98885657,10.69585395,10.49512002,14.56419867,14.65342379,13.37250852,13.97907066,16.99993367,16.48052920,18.58218842,18.43369658,11.41101339,12.46439825,11.70027127,10.62189893,11.17576305,13.52717458,15.28649403,13.15905040,10.88339712,11.02496926,15.79419382
