time,PRG,P8,P24,P25,P32,P33,PF,PH,PZHM1,P26,P27,P28,P29,P30,R20,R21,P34,P37,P38,P39,P40,AP1,RCK1,RCK2,P23
2.000000000000,9.884595542,10.27407016,10.65766057,10.00994010,9.537442007,9.485640339,10.70385286,10.65414322,10.13422051,10.59108375,12.00525981,11.54205214,12.24947268,11.97787758,9.528085197,9.741734758,9.698111699,9.511867852,9.564828174,10.23039162,11.01392593,10.04358077,9.621675836,9.634526183,10.82890201
