time,BAR,GAL,R20,R21
2,0.0,0.7188999911672963,0.646797781999938,0.549759941792447
