time,BAR,GAL,R20,R21
2,0.0,0.6607637516284453,0.0779243372797087,0.2394668629389245
