time,BAR,GAL,R20,R21
2,0.0,0.7320594431780234,0.665005444093805,0.5649450214989683
