time,BAR,GAL,R20,R21
2,0.006862891199288091,0.39929707269761777,0.22632581147693454,0.3561964494291044
