time,BAR,GAL,R20,R21
2,0.0,0.23991008652928641,0.36369418258901115,0.28030799992258076
