time,BAR,GAL,R20,R21
2,0.0,0.3577758841740979,0.11276113761405401,0.36214973956047736
