time,BAR,GAL
99.00000000000,-0.11940,-0.80160E-01
