time,BAR,GAL
99.00000000000,-0.58552,-0.57067
