time,q,mr
99.0,-0.31053313,0.17285428870032382
