time,q,mr
99.0,-1.1567455555560002,0.4995071758888701
