time,BAR,GAL,R20,R21
99,0.0,0.3395287405517628,0.08700568666259978,0.38164123828915403
