time,BAR,GAL,R20,R21
99.0,0.4442761559418237,0.5556881828284704,1.0,1.0
