time,BAR,GAL,R20,R21
99.0,-0.5855199999999999,-0.57067,-0.000277777778,-0.000277777778
