time,BAR,GAL
1.000000000000,-0.13171,-0.99035E-01
