time,q,mr
1.0,-0.31935610999999997,0.19768754565147414
