time,BAR,GAL,R20,R21
1.0,0.0,0.37089647310264723,0.0,0.2979422485620768
