time,BAR,GAL,R20,R21
1.0,-0.13171,-0.099035,-0.0,-0.08861111
