time,BAR,GAL
9.000000000000,-0.11153,-0.64182E-01
