time,BAR,GAL
9.000000000000,-0.11419,-0.83458E-01
