time,BAR,GAL
9.000000000000,-0.11568,-0.74507E-01
