time,BAR,GAL
9.000000000000,-0.11187,-0.76895E-01
