time,BAR,GAL
9.000000000000,-0.11045,-0.66841E-01
