time,BAR,GAL
9.000000000000,-0.11116,-0.79737E-01
