time,BAR,GAL
9.000000000000,-0.13297,-0.34924E-01
