time,q,mr
9.0,-0.32444379,0.18208955280683656
