time,q,mr
9.0,-0.30215079,0.14686985453471355
