time,q,mr
9.0,-0.33190479,0.18501083120551076
