time,q,mr
9.0,-0.30996879,0.1822996487054581
