time,q,mr
9.0,-0.31154779,0.1757775685014802
