time,q,mr
9.0,-0.32515379,0.1840324035305864
