time,q,mr
9.0,-0.32302179000000003,0.18785206394344262
