time,PRG,P8,P24,P25,P32,P33,PF,PH,PZHM1,P26,P27,P28,P29,P30,R20,R21,P34,P37,P38,P39,P40,AP1,RCK1,RCK2,P23
9.000000000000,9.242513422,9.858382683,10.04001122,10.09513375,9.333076275,9.188413864,10.06718953,9.722797264,10.12038935,10.63282810,10.54359916,10.14272824,10.10165188,9.972734819,9.297334183,9.244223715,9.707898349,9.617576732,9.661514626,10.03980629,10.12832491,9.941670350,9.089651375,9.192583464,9.812492507
