time,PRG,P8,P24,P25,P32,P33,PF,PH,PZHM1,P26,P27,P28,P29,P30,R20,R21,P34,P37,P38,P39,P40,AP1,RCK1,RCK2,P23
9.000000000000,9.252261633,9.730177102,9.794978657,9.815905918,9.281612520,9.200636988,9.984707499,9.499118632,9.877597998,10.32678565,10.09025317,9.838353085,9.979136148,9.910292783,8.611943256,9.497689875,9.679878185,9.482176627,9.496236885,9.786254798,9.840788045,9.723637870,9.149643669,9.196268544,9.837560767
