time,PRG,P8,P24,P25,P32,P33,PF,PH,PZHM1,P26,P27,P28,P29,P30,R20,R21,P34,P37,P38,P39,P40,AP1,RCK1,RCK2,P23
9.000000000000,9.157428633,9.750646565,9.864401608,9.937857022,9.229965908,9.146219959,10.00446272,9.613626620,10.11112151,10.45722244,10.29633308,9.918086014,9.947419022,9.868069411,9.442390118,7.028603873,9.665014265,9.387949174,9.569327033,9.859635723,9.923748600,9.765520131,9.117942749,9.154593769,9.725075416
