time,PRG,P8,P24,P25,P32,P33,PF,PH,PZHM1,P26,P27,P28,P29,P30,R20,R21,P34,P37,P38,P39,P40,AP1,RCK1,RCK2,P23
9.000000000000,9.069957161,9.776799344,10.05527828,9.982138574,9.212923658,9.102400371,10.12751161,9.168077697,9.974071973,10.42547080,10.19952676,10.06997530,10.13143258,10.15526526,9.558981075,7.403325161,9.426726538,9.621971372,9.687645173,9.984918027,10.07110416,9.787956901,9.040405991,9.061648615,9.867717838
