time,PRG,P8,P24,P25,P32,P33,PF,PH,PZHM1,P26,P27,P28,P29,P30,R20,R21,P34,P37,P38,P39,P40,AP1,RCK1,RCK2,P23
9.000000000000,9.093547800,9.242956483,9.555014026,9.496836835,9.059777789,9.072500127,10.24903621,9.381186656,9.573966002,10.25903627,10.18448460,9.717291153,9.901353129,9.878986120,9.092400833,2.108319268,9.108208645,9.075931077,9.100377676,9.455648788,9.719755418,9.390430476,9.038386759,9.048350818,9.745845371
