time,PRG,P8,P24,P25,P32,P33,PF,PH,PZHM1,P26,P27,P28,P29,P30,R20,R21,P34,P37,P38,P39,P40,AP1,RCK1,RCK2,P23
9.000000000000,9.428730870,9.865721223,9.990229294,10.16981864,9.373545819,9.203757781,10.36310489,10.50611310,10.24076426,10.80841295,10.67304788,10.13758027,10.14549549,10.02691579,9.209993128,9.271734079,9.843431994,9.567385500,9.627473973,10.00828755,10.07736733,9.931495642,9.110386422,9.233590373,9.796929869
