time,BAR,GAL,R20,R21
9,0.0,0.37719327720560936,0.11264050262570038,0.33509659863175023
