time,BAR,GAL,R20,R21
9.0,0.0034183505215307306,0.2408959849643285,0.1886416333256199,0.32052964022400643
