time,BAR,GAL,R20,R21
9,0.0,0.3492578132302013,0.11965211110367151,0.32939043350580627
