time,BAR,GAL,R20,R21
9,0.0,0.35767033887012645,0.1421704543931835,0.3246627810238165
