time,BAR,GAL,R20,R21
9,0.0,0.3440215710493942,0.09690197424052929,0.3398635252251668
