time,BAR,GAL,R20,R21
9.0,0.0,0.3816778981125264,0.10636280679503227,0.3182603086101763
