time,BAR,GAL,R20,R21
9,0.0,0.3541887284582224,0.16169727940926054,0.2897656934618369
