time,BAR,GAL,R20,R21
9.0,-0.11045,-0.066841,-0.05704861,-0.07720818
