time,BAR,GAL,R20,R21
9.0,-0.13297,-0.034924000000000004,-0.05704861,-0.07720818
