time,BAR,GAL,R20,R21
9.0,-0.11187000000000001,-0.076895,-0.05704861,-0.07720818
