time,BAR,GAL,R20,R21
9.0,-0.11152999999999999,-0.064182,-0.05704861,-0.07720818
