time,BAR,GAL,R20,R21
9.0,-0.11567999999999999,-0.074507,-0.05704861,-0.07720818
