time,BAR,GAL,R20,R21
9.0,-0.11419000000000001,-0.083458,-0.05704861,-0.07720818
