time,BAR,GAL
4.000000000000,-0.11281,-0.73977E-01
