time,BAR,GAL
4.000000000000,-0.11655,-0.72333E-01
