time,BAR,GAL
4.000000000000,-0.11240,-0.63402E-01
