time,BAR,GAL
4.000000000000,-0.11100,-0.63866E-01
