time,BAR,GAL
4.000000000000,-0.11471,-0.80424E-01
