time,BAR,GAL
4.000000000000,-0.10573,-0.90453E-01
