time,BAR,GAL
4.000000000000,-0.11214,-0.74764E-01
