time,q,mr
4.0,-0.32575899999999997,0.1890801742271098
