time,q,mr
4.0,-0.31741199999999997,0.1916218651706405
