time,q,mr
4.0,-0.326808,0.21231245857395242
