time,q,mr
4.0,-0.319508,0.1836788251557367
