time,q,mr
4.0,-0.317529,0.18530642698487093
