time,q,mr
4.0,-0.305491,0.1778003992349926
