time,q,mr
4.0,-0.306427,0.17672114184890145
