time,PRG,P8,P24,P25,P32,P33,PF,PH,PZHM1,P26,P27,P28,P29,P30,R20,R21,P34,P37,P38,P39,P40,AP1,RCK1,RCK2,P23
4.000000000000,9.089404702,9.250058537,9.577401571,9.520922357,9.060923481,9.072352341,10.17242586,9.370827282,9.580602328,10.27140250,10.19962375,9.734309515,9.906869384,9.882269530,9.096498628,2.514534336,9.110668576,9.077730354,9.103895926,9.481101256,9.737256143,9.417883597,9.038550523,9.049055947,9.747078066
