time,PRG,P8,P24,P25,P32,P33,PF,PH,PZHM1,P26,P27,P28,P29,P30,R20,R21,P34,P37,P38,P39,P40,AP1,RCK1,RCK2,P23
4.000000000000,9.360524107,9.867574943,9.998981884,10.17589668,9.373226451,9.202069890,10.12388323,10.40253239,10.22912024,10.81112958,10.67758791,10.14482014,10.14872055,10.02931196,9.203575095,9.312346604,9.839231776,9.567122096,9.625790138,10.01694889,10.08535050,9.941507617,9.109909136,9.233250036,9.797813386
