time,PRG,P8,P24,P25,P32,P33,PF,PH,PZHM1,P26,P27,P28,P29,P30,R20,R21,P34,P37,P38,P39,P40,AP1,RCK1,RCK2,P23
4.000000000000,9.064457537,9.782297666,10.06021763,9.989594210,9.212874370,9.101902548,9.979727925,9.161549329,9.980074150,10.42859554,10.20386643,10.07451800,10.13512912,10.15813928,9.562804382,7.536580503,9.429080222,9.622226504,9.690684755,9.992176753,10.07565816,9.800900934,9.040314055,9.061621657,9.869163550
