time,PRG,P8,P24,P25,P32,P33,PF,PH,PZHM1,P26,P27,P28,P29,P30,R20,R21,P34,P37,P38,P39,P40,AP1,RCK1,RCK2,P23
4.000000000000,9.222372042,9.736348006,9.801946654,9.822999137,9.279747406,9.197667752,9.773247267,9.459954741,9.879726035,10.33064578,10.09613438,9.844857807,9.982072010,9.912625033,8.609279466,9.516286904,9.685766959,9.481607807,9.497865018,9.793593048,9.847312389,9.731797749,9.146796315,9.194131761,9.839264189
