time,PRG,P8,P24,P25,P32,P33,PF,PH,PZHM1,P26,P27,P28,P29,P30,R20,R21,P34,P37,P38,P39,P40,AP1,RCK1,RCK2,P23
4.000000000000,9.215058095,9.864276993,10.04843231,10.10290007,9.332573546,9.186871595,9.906409966,9.666447294,10.12428124,10.63732176,10.54965359,10.15012438,10.10530824,9.975148657,9.298230323,9.288306492,9.710498703,9.617756686,9.663434510,10.04834988,10.13601213,9.951646954,9.088315304,9.192089947,9.813920636
