time,PRG,P8,P24,P25,P32,P33,PF,PH,PZHM1,P26,P27,P28,P29,P30,R20,R21,P34,P37,P38,P39,P40,AP1,RCK1,RCK2,P23
4.000000000000,9.139837958,9.751724714,9.870675193,9.943291181,9.228569558,9.144287704,9.768064676,9.547670330,10.10387328,10.45963382,10.30047061,9.923214038,9.949239775,9.869218780,9.440801617,7.179487569,9.664600981,9.387069073,9.568864947,9.866610208,9.929072704,9.774864811,9.116065446,9.153214729,9.725502770
