time,BAR,GAL,R20,R21
4,0.0,0.36928926370719123,0.10892862435082681,0.334665897509019
