time,BAR,GAL,R20,R21
4,0.0,0.3825687008726045,0.13687821568759462,0.33708008130555606
