time,BAR,GAL,R20,R21
4.0,0.0,0.39308925601219935,0.10290749770361642,0.3327683870670882
