time,BAR,GAL,R20,R21
4,0.0,0.37058522518046283,0.11878680048400428,0.34130334060767226
