time,BAR,GAL,R20,R21
4,0.0,0.3605629060101046,0.0977894364095722,0.3509454987796754
