time,BAR,GAL,R20,R21
4,0.0,0.3791938976377584,0.15589714772446955,0.29435109722717234
