time,BAR,GAL,R20,R21
4.0,0.0,0.4340670371310329,0.16847344127485953,0.2794425636372344
