time,BAR,GAL,R20,R21
4.0,-0.11470999999999999,-0.080424,-0.05748843,-0.07313657
