time,BAR,GAL,R20,R21
4.0,-0.1124,-0.063402,-0.05748843,-0.07313657
