time,BAR,GAL,R20,R21
4.0,-0.10572999999999999,-0.09045299999999999,-0.05748843,-0.07313657
