time,BAR,GAL,R20,R21
4.0,-0.111,-0.06386599999999999,-0.05748843,-0.07313657
