time,BAR,GAL,R20,R21
4.0,-0.11214,-0.074764,-0.05748843,-0.07313657
