time,BAR,GAL,R20,R21
4.0,-0.11281,-0.073977,-0.05748843,-0.07313657
