time,BAR,GAL,R20,R21
4.0,-0.11655,-0.07233300000000001,-0.05748843,-0.07313657
