time,BAR,GAL
7.000000000000,-0.11525,-0.67114E-01
