time,BAR,GAL
7.000000000000,-0.11537,-0.80136E-01
