time,BAR,GAL
7.000000000000,-0.11633,-0.67162E-01
