time,BAR,GAL
7.000000000000,-0.11850,-0.75267E-01
