time,BAR,GAL
7.000000000000,-0.15875,-0.68220E-01
