time,q,mr
7.0,-0.31897822,0.17764565487827344
