time,q,mr
7.0,-0.31723922,0.1740104786771591
