time,q,mr
7.0,-0.30583622,0.16640034355581895
