time,q,mr
7.0,-0.31746421999999996,0.1821449179677707
