time,q,mr
7.0,-0.32633122,0.17893699275006222
