time,q,mr
7.0,-0.35044221999999997,0.21488990759997262
