time,q,mr
7.0,-0.30696421999999995,0.1723759052728159
