time,PRG,P8,P24,P25,P32,P33,PF,PH,PZHM1,P26,P27,P28,P29,P30,R20,R21,P34,P37,P38,P39,P40,AP1,RCK1,RCK2,P23
7.000000000000,9.158313482,9.763148332,9.906859977,9.984346334,9.231051795,9.146644341,10.00838452,9.622412920,10.14533771,10.48203700,10.32868824,9.953562085,9.960690237,9.876843210,9.439986622,7.654501385,9.686744074,9.390328307,9.577613629,9.908788310,9.960729263,9.825998110,9.118386091,9.155560604,9.728624096
