time,PRG,P8,P24,P25,P32,P33,PF,PH,PZHM1,P26,P27,P28,P29,P30,R20,R21,P34,P37,P38,P39,P40,AP1,RCK1,RCK2,P23
7.000000000000,9.093947950,9.265971703,9.644697712,9.593743398,9.062580270,9.073634657,10.25007291,9.384330475,9.611372484,10.30954041,10.24575435,9.785441473,9.923457335,9.892192173,9.100048788,3.722765515,9.116042200,9.080215172,9.108270051,9.557740261,9.789880264,9.500360870,9.038957751,9.050128866,9.750931061
