time,PRG,P8,P24,P25,P32,P33,PF,PH,PZHM1,P26,P27,P28,P29,P30,R20,R21,P34,P37,P38,P39,P40,AP1,RCK1,RCK2,P23
7.000000000000,9.070045563,9.793993934,10.07239966,10.00969921,9.212984560,9.102411600,10.12810465,9.169219594,9.998797364,10.43698157,10.21454519,10.08550270,10.14391954,10.16489976,9.557764274,7.929009468,9.435388227,9.622637628,9.694258375,10.01155487,10.08668518,9.836541333,9.040427860,9.061784212,9.872457079
