time,PRG,P8,P24,P25,P32,P33,PF,PH,PZHM1,P26,P27,P28,P29,P30,R20,R21,P34,P37,P38,P39,P40,AP1,RCK1,RCK2,P23
7.000000000000,9.243774145,9.883425547,10.07748162,10.13096812,9.333278324,9.188497161,10.07057891,9.729599028,10.15299625,10.65522010,10.57183019,10.17582577,10.11763615,9.983188377,9.268322202,9.424994419,9.725651414,9.618091977,9.663588843,10.07812186,10.16279672,9.985895849,9.089780786,9.192953363,9.818630593
