time,PRG,P8,P24,P25,P32,P33,PF,PH,PZHM1,P26,P27,P28,P29,P30,R20,R21,P34,P37,P38,P39,P40,AP1,RCK1,RCK2,P23
7.000000000000,9.430713282,9.889069551,10.04374518,10.21378122,9.373927475,9.203830763,10.36947823,10.52060382,10.26372728,10.83271311,10.70616621,10.18326207,10.16825792,10.04451865,9.169154951,9.456806823,9.861925741,9.567994904,9.625964408,10.06184607,10.12704018,9.991504549,9.110458773,9.234408658,9.803915494
