time,PRG,P8,P24,P25,P32,P33,PF,PH,PZHM1,P26,P27,P28,P29,P30,R20,R21,P34,P37,P38,P39,P40,AP1,RCK1,RCK2,P23
7.000000000000,9.254425731,9.758860163,9.827227495,9.849272028,9.282747788,9.201306923,9.988053652,9.506665335,9.907594081,10.34728778,10.11840866,9.868569865,9.992826199,9.921165737,8.536418727,9.576775273,9.708588019,9.482887730,9.496155319,9.820404740,9.871115640,9.761114119,9.150566088,9.197766509,9.845510131
