time,BAR,GAL,R20,R21
7,0.0,0.3449617154229872,0.09973834640955162,0.3801200698281108
