time,BAR,GAL,R20,R21
7,0.0,0.3476789339555971,0.11299877204832472,0.38943362080345706
