time,BAR,GAL,R20,R21
7.0,0.0,0.33347174894477244,0.10698513733623065,0.3837967557630281
