time,BAR,GAL,R20,R21
7.0,0.030520583108659016,0.42337888427691656,0.21210785037144012,0.4642624687943994
