time,BAR,GAL,R20,R21
7,0.0,0.34939733075848206,0.13349538769316202,0.3331152540231782
