time,BAR,GAL,R20,R21
7,0.0,0.36024455643896275,0.1034974076070146,0.36467080138420255
