time,BAR,GAL,R20,R21
7,0.0,0.3375127286803366,0.08803522932628025,0.3726410295804827
