time,BAR,GAL,R20,R21
7.0,-0.1185,-0.075267,-0.06244213,-0.06103009
