time,BAR,GAL,R20,R21
7.0,-0.11889000000000001,-0.083969,-0.06244213,-0.06103009
