time,BAR,GAL,R20,R21
7.0,-0.11537,-0.080136,-0.06244213,-0.06103009
