time,BAR,GAL,R20,R21
7.0,-0.11525,-0.067114,-0.06244213,-0.06103009
