time,BAR,GAL,R20,R21
7.0,-0.11632999999999999,-0.067162,-0.06244213,-0.06103009
