time,BAR,GAL,R20,R21
7.0,-0.15875,-0.06822,-0.06244213,-0.06103009
