time,BAR,GAL
6.000000000000,-0.11491,-0.75439E-01
