time,BAR,GAL
6.000000000000,-0.11840,-0.73003E-01
