time,BAR,GAL
6.000000000000,-0.97102E-01,-0.79505E-01
