time,BAR,GAL
6.000000000000,-0.11573,-0.74778E-01
