time,BAR,GAL
6.000000000000,-0.11398,-0.64322E-01
