time,BAR,GAL
6.000000000000,-0.11772,-0.81145E-01
