time,BAR,GAL
6.000000000000,-0.11505,-0.66527E-01
