time,q,mr
6.0,-0.31482893,0.17958950297236298
