time,q,mr
6.0,-0.30500293,0.17528597557289632
