time,q,mr
6.0,-0.30003293,0.18159545576276054
