time,q,mr
6.0,-0.30172793,0.17375588587385432
