time,q,mr
6.0,-0.31393393,0.1872750461873285
