time,q,mr
6.0,-0.32229093,0.18670777943100156
