time,q,mr
6.0,-0.31377493,0.18057753680949915
