time,PRG,P8,P24,P25,P32,P33,PF,PH,PZHM1,P26,P27,P28,P29,P30,R20,R21,P34,P37,P38,P39,P40,AP1,RCK1,RCK2,P23
6.000000000000,9.142057740,9.760532597,9.894750362,9.970090690,9.229854987,9.144866039,9.791984048,9.559688983,10.12674689,10.47393911,10.31897950,9.943424254,9.957105816,9.874554705,9.453409716,7.494741191,9.681051828,9.389912387,9.579505300,9.894524249,9.950120555,9.808863672,9.116650954,9.154291616,9.727748908
