time,PRG,P8,P24,P25,P32,P33,PF,PH,PZHM1,P26,P27,P28,P29,P30,R20,R21,P34,P37,P38,P39,P40,AP1,RCK1,RCK2,P23
6.000000000000,9.218198724,9.881053947,10.07046955,10.12399713,9.332755360,9.187053625,9.922477964,9.675661568,10.14446255,10.65060887,10.56637787,10.16971778,10.11518606,9.981784666,9.305305726,9.382001952,9.721751456,9.618350992,9.669889574,10.07082391,10.15635224,9.977316986,9.088512697,9.192378881,9.817909085
