time,PRG,P8,P24,P25,P32,P33,PF,PH,PZHM1,P26,P27,P28,P29,P30,R20,R21,P34,P37,P38,P39,P40,AP1,RCK1,RCK2,P23
6.000000000000,9.367551678,9.882855891,10.02864848,10.20052605,9.373700333,9.202280919,10.14833246,10.42164665,10.24580504,10.82488520,10.69620862,10.17029419,10.16194751,10.03968510,9.207942605,9.408068773,9.853561079,9.568425685,9.631115904,10.04663140,10.11294668,9.974591365,9.110023524,9.234004059,9.802044930
