time,PRG,P8,P24,P25,P32,P33,PF,PH,PZHM1,P26,P27,P28,P29,P30,R20,R21,P34,P37,P38,P39,P40,AP1,RCK1,RCK2,P23
6.000000000000,9.226533744,9.755201419,9.822252723,9.843915142,9.280778825,9.198410471,9.794728975,9.468744332,9.899626170,10.34366404,10.11395938,9.863970002,9.990913571,9.919700361,8.611801827,9.560419181,9.704964365,9.482547389,9.505298349,9.814975784,9.866482268,9.755075327,9.147709929,9.195416900,9.844449408
