time,PRG,P8,P24,P25,P32,P33,PF,PH,PZHM1,P26,P27,P28,P29,P30,R20,R21,P34,P37,P38,P39,P40,AP1,RCK1,RCK2,P23
6.000000000000,9.090040156,9.266994877,9.624287609,9.571702446,9.064220529,9.073713635,10.17982032,9.373871747,9.603674372,10.29794397,10.23180602,9.770080937,9.918619371,9.889349005,9.107765502,3.318452380,9.117857894,9.082814121,9.113516889,9.534440358,9.774045191,9.475185023,9.039217882,9.051116612,9.749846206
