time,PRG,P8,P24,P25,P32,P33,PF,PH,PZHM1,P26,P27,P28,P29,P30,R20,R21,P34,P37,P38,P39,P40,AP1,RCK1,RCK2,P23
6.000000000000,9.064956822,9.793934919,10.07069599,10.00552181,9.212918722,9.101948911,9.992302119,9.162834624,9.994923833,10.43574994,10.21320242,10.08416723,10.14298760,10.16426080,9.571254171,7.800120737,9.434648235,9.622770484,9.697197106,10.00761403,10.08533317,9.827522538,9.040335733,9.061713555,9.872247133
