time,BAR,GAL,R20,R21
6,0.0,0.37506152828076367,0.1341328045204409,0.3155170781009433
