time,BAR,GAL,R20,R21
6,0.0,0.35617419276919754,0.09418346740572586,0.3689631948196747
