time,BAR,GAL,R20,R21
6.0,0.0,0.3884562427763479,0.1185989705708054,0.2562341236921336
