time,BAR,GAL,R20,R21
6,0.0,0.3744616002909165,0.11758947321039714,0.3675583993834245
