time,BAR,GAL,R20,R21
6,0.0,0.36175599304577644,0.10962814350705576,0.3532749118883046
