time,BAR,GAL,R20,R21
6.0,0.0,0.36846038711602747,0.09887749638060755,0.3666654455391578
