time,BAR,GAL,R20,R21
6,0.0,0.3708871199991194,0.10693408089503184,0.3661671040559338
