time,BAR,GAL,R20,R21
6.0,-0.1184,-0.073003,-0.05831019,-0.06511574
