time,BAR,GAL,R20,R21
6.0,-0.11573,-0.074778,-0.05831019,-0.06511574
