time,BAR,GAL,R20,R21
6.0,-0.11772,-0.08114500000000001,-0.05831019,-0.06511574
