time,BAR,GAL,R20,R21
6.0,-0.11398,-0.064322,-0.05831019,-0.06511574
