time,BAR,GAL,R20,R21
6.0,-0.11490999999999998,-0.07543899999999999,-0.05831019,-0.06511574
