time,BAR,GAL,R20,R21
6.0,-0.097102,-0.07950499999999999,-0.05831019,-0.06511574
