time,BAR,GAL,R20,R21
6.0,-0.11505,-0.066527,-0.05831019,-0.06511574
