time,BAR,GAL
8.000000000000,-0.11552,-0.62405E-01
