time,BAR,GAL
8.000000000000,-0.11713,-0.74384E-01
