time,BAR,GAL
8.000000000000,-0.11433,-0.76802E-01
