time,BAR,GAL
8.000000000000,-0.11339,-0.79028E-01
