time,BAR,GAL
8.000000000000,-0.13786,-0.39520E-01
