time,BAR,GAL
8.000000000000,-0.11707,-0.82902E-01
