time,BAR,GAL
8.000000000000,-0.11357,-0.66229E-01
