time,q,mr
8.0,-0.32901135,0.17990872324717289
