time,q,mr
8.0,-0.32055335,0.17699509316116024
