time,q,mr
8.0,-0.32017134999999997,0.18762133290731053
