time,q,mr
8.0,-0.30641935,0.15468325377940437
