time,q,mr
8.0,-0.32145735,0.18328473416202662
