time,q,mr
8.0,-0.30883835,0.1655688318463981
