time,q,mr
8.0,-0.30696435,0.17387466012858918
