time,PRG,P8,P24,P25,P32,P33,PF,PH,PZHM1,P26,P27,P28,P29,P30,R20,R21,P34,P37,P38,P39,P40,AP1,RCK1,RCK2,P23
8.000000000000,9.155195869,9.756116986,9.899215707,9.975067461,9.229128966,9.145796507,9.979159983,9.611691152,10.13224527,10.47725785,10.32259338,9.946934390,9.957350405,9.874255837,9.400393509,7.641852749,9.671764663,9.385777855,9.559357354,9.899884727,9.953882669,9.815851068,9.117579662,9.154066616,9.727330868
