time,PRG,P8,P24,P25,P32,P33,PF,PH,PZHM1,P26,P27,P28,P29,P30,R20,R21,P34,P37,P38,P39,P40,AP1,RCK1,RCK2,P23
8.000000000000,9.092826653,9.249743360,9.637820890,9.586003027,9.056963595,9.071231660,10.24040783,9.381991815,9.599072061,10.30536302,10.24069772,9.779802188,9.921188743,9.890658977,9.077984113,3.712843895,9.106396840,9.071496469,9.091451535,9.550018346,9.784135732,9.492416108,9.037827431,9.046661083,9.750213245
