time,PRG,P8,P24,P25,P32,P33,PF,PH,PZHM1,P26,P27,P28,P29,P30,R20,R21,P34,P37,P38,P39,P40,AP1,RCK1,RCK2,P23
8.000000000000,9.068686402,9.784711538,10.06650468,10.00302238,9.212943585,9.102261579,10.09968906,9.167681756,9.991320503,10.43277279,10.20897110,10.07972115,10.13897536,10.16091234,9.530622121,7.920344458,9.431619955,9.621998860,9.684582954,10.00496616,10.08090646,9.829034502,9.040395408,9.061714806,9.870276475
