time,PRG,P8,P24,P25,P32,P33,PF,PH,PZHM1,P26,P27,P28,P29,P30,R20,R21,P34,P37,P38,P39,P40,AP1,RCK1,RCK2,P23
8.000000000000,9.238340388,9.870769452,10.06757226,10.12147970,9.333085463,9.188135281,10.04463919,9.719003721,10.14208749,10.64910901,10.56409994,10.16671301,10.11200586,9.978989581,9.204250249,9.413355712,9.718760102,9.617093105,9.647503999,10.06817603,10.15350378,9.975177327,9.089501547,9.192699358,9.815896104
