time,PRG,P8,P24,P25,P32,P33,PF,PH,PZHM1,P26,P27,P28,P29,P30,R20,R21,P34,P37,P38,P39,P40,AP1,RCK1,RCK2,P23
8.000000000000,9.416111009,9.878687392,10.03515413,10.20611544,9.373111443,9.203253539,10.32389541,10.49701632,10.25044680,10.82828511,10.70030324,10.17553335,10.16287880,10.03994467,9.096235695,9.445913735,9.847864186,9.565090568,9.608255762,10.05328435,10.11892072,9.982373607,9.110226088,9.233435198,9.801769131
