time,PRG,P8,P24,P25,P32,P33,PF,PH,PZHM1,P26,P27,P28,P29,P30,R20,R21,P34,P37,P38,P39,P40,AP1,RCK1,RCK2,P23
8.000000000000,9.249041865,9.745677490,9.814984237,9.836903986,9.281703091,9.200434772,9.962159550,9.499170999,9.894386373,10.33936315,10.10750660,9.856856946,9.986991035,9.916375813,8.417061065,9.562810844,9.694506244,9.481287683,9.474130691,9.807797897,9.859397059,9.747796709,9.149685285,9.196571144,9.841971704
