time,BAR,GAL,R20,R21
8.0,0.006082594563670688,0.30166568871999944,0.16352363555711652,0.3853254374597666
