time,BAR,GAL,R20,R21
8,0.0,0.352522088773857,0.10425442572590193,0.37484721656898884
