time,BAR,GAL,R20,R21
8,0.0,0.3496200316371176,0.08456819407510369,0.3642072208150143
