time,BAR,GAL,R20,R21
8,0.0,0.3934597323485771,0.09713773458760834,0.36397131289255336
