time,BAR,GAL,R20,R21
8,0.0,0.3623954624068091,0.11985766866075294,0.39467167410407356
