time,BAR,GAL,R20,R21
8,0.0,0.3597016913876813,0.14598638064295616,0.3369369757538961
