time,BAR,GAL,R20,R21
8.0,0.0,0.3359361537693249,0.12202210004998125,0.38422788588955636
