time,BAR,GAL,R20,R21
8.0,-0.13785999999999998,-0.03952,-0.06800926,-0.06103009
