time,BAR,GAL,R20,R21
8.0,-0.11552,-0.062404999999999995,-0.06800926,-0.06103009
