time,BAR,GAL,R20,R21
8.0,-0.11707000000000001,-0.082902,-0.06800926,-0.06103009
