time,BAR,GAL,R20,R21
8.0,-0.11433,-0.076802,-0.06800926,-0.06103009
