time,BAR,GAL,R20,R21
8.0,-0.11357,-0.066229,-0.06800926,-0.06103009
