time,BAR,GAL,R20,R21
8.0,-0.11713,-0.074384,-0.06800926,-0.06103009
