time,BAR,GAL,R20,R21
8.0,-0.11339,-0.079028,-0.06800926,-0.06103009
