time,BAR,GAL
3.000000000000,-0.15843,-1.0063
