time,BAR,GAL
3.000000000000,-0.12976E-02,-0.59230
