time,BAR,GAL
3.000000000000,0.0000,-0.95605E-01
