time,PRG,P8,P24,P25,P32,P33,PF,PH,PZHM1,P26,P27,P28,P29,P30,R20,R21,P34,P37,P38,P39,P40,AP1,RCK1,RCK2,P23
3.000000000000,9.297273265,9.558234770,10.30972208,9.690354462,8.307604769,8.239768433,11.74496884,11.17924906,10.12869144,10.36348359,12.19694803,11.57470175,12.69226995,12.46684365,5.786867264,4.713899113,8.819137130,8.325586192,8.143623002,9.846462074,10.85806464,9.118016569,8.259113834,8.301866813,10.89788659
