time,PRG,P8,P24,P25,P32,P33,PF,PH,PZHM1,P26,P27,P28,P29,P30,R20,R21,P34,P37,P38,P39,P40,AP1,RCK1,RCK2,P23
3.000000000000,9.799280713,10.26070158,10.65361610,10.00723849,9.475051378,9.421914103,10.64808050,10.60126770,10.12209118,10.58981176,12.00227787,11.53759306,12.24245744,11.96871668,9.512108035,9.741114256,9.654549838,9.463481610,9.532761948,10.22720443,11.01007464,10.03981675,9.533089691,9.557460000,10.81383259
