time,BAR,GAL,R20,R21
3,0.0,0.7371722067438748,0.6490841356663699,0.5489161649250269
