time,BAR,GAL
2.000000000000,-0.10490,-0.65495E-01
