time,BAR,GAL
2.000000000000,-0.11178,-0.72852E-01
