time,BAR,GAL
2.000000000000,-0.96306E-01,-0.79696E-01
