time,BAR,GAL
2.000000000000,-0.10733,-0.54684E-01
