time,BAR,GAL
2.000000000000,-0.10596,-0.75199E-01
