time,BAR,GAL
2.000000000000,-0.10845,-0.81615E-01
