time,BAR,GAL
2.000000000000,-0.10547,-0.78048E-01
