time,q,mr
2.0,-0.33332124,0.19324631065135214
