time,q,mr
2.0,-0.32019823999999997,0.1873638281393451
