time,q,mr
2.0,-0.31181724,0.19029170859533928
