time,q,mr
2.0,-0.33443524,0.19566471573878325
