time,q,mr
2.0,-0.33986824000000004,0.1915409508015825
