time,q,mr
2.0,-0.32580524,0.1980286999688612
