time,q,mr
2.0,-0.33096223999999996,0.2022598505702807
