time,PRG,P8,P24,P25,P32,P33,PF,PH,PZHM1,P26,P27,P28,P29,P30,R20,R21,P34,P37,P38,P39,P40,AP1,RCK1,RCK2,P23
2.000000000000,9.234659953,9.823019055,10.00161346,10.05843351,9.332676070,9.187899949,10.03071240,9.704421820,10.08380806,10.60975488,10.51434108,10.10825188,10.08301281,9.959711984,9.211394846,9.116333523,9.686277383,9.615603880,9.634349726,10.00084913,10.09273688,9.897894826,9.089201994,9.191984731,9.804410655
