time,PRG,P8,P24,P25,P32,P33,PF,PH,PZHM1,P26,P27,P28,P29,P30,R20,R21,P34,P37,P38,P39,P40,AP1,RCK1,RCK2,P23
2.000000000000,9.091797884,9.202173850,9.489006045,9.424975044,9.048822032,9.067934799,10.23504750,9.375853290,9.531073679,10.22145118,10.13884735,9.666462050,9.884148454,9.868418150,9.051436711,1.113685492,9.087520639,9.058963422,9.067864665,9.380667143,9.667550054,9.310307555,9.036184020,9.041557063,9.741571393
