time,PRG,P8,P24,P25,P32,P33,PF,PH,PZHM1,P26,P27,P28,P29,P30,R20,R21,P34,P37,P38,P39,P40,AP1,RCK1,RCK2,P23
2.000000000000,9.152693607,9.731842528,9.826596115,9.895075574,9.226285149,9.144705431,9.962744793,9.593084272,10.07016227,10.43472795,10.26713020,9.886117506,9.934075815,9.858638932,9.380066004,6.629620574,9.627985400,9.379242581,9.535000318,9.815797243,9.890526158,9.712839901,9.116464951,9.151671504,9.720865222
