time,PRG,P8,P24,P25,P32,P33,PF,PH,PZHM1,P26,P27,P28,P29,P30,R20,R21,P34,P37,P38,P39,P40,AP1,RCK1,RCK2,P23
2.000000000000,9.068195192,9.751424287,10.03542446,9.954761413,9.212826478,9.102208164,10.09070229,9.165338429,9.947328115,10.41179712,10.18146545,10.05126400,10.11590632,10.14300513,9.515821333,7.071138152,9.415438547,9.620536896,9.668012613,9.958229722,10.05236549,9.746490764,9.040349548,9.061459822,9.861332103
