time,PRG,P8,P24,P25,P32,P33,PF,PH,PZHM1,P26,P27,P28,P29,P30,R20,R21,P34,P37,P38,P39,P40,AP1,RCK1,RCK2,P23
2.000000000000,9.243674012,9.691616461,9.755782258,9.775841543,9.279325502,9.198999731,9.947705221,9.483732803,9.838512043,10.30171732,10.05571228,9.801240849,9.961469126,9.896009772,8.464493582,9.427369060,9.639864511,9.479196198,9.460705125,9.745327215,9.803600369,9.679549560,9.147787838,9.193530093,9.827058975
