time,PRG,P8,P24,P25,P32,P33,PF,PH,PZHM1,P26,P27,P28,P29,P30,R20,R21,P34,P37,P38,P39,P40,AP1,RCK1,RCK2,P23
2.000000000000,9.408553070,9.835253104,9.944475958,10.13137601,9.372040327,9.202959061,10.29913818,10.46525967,10.20721999,10.78719800,10.64413052,10.09793988,10.12330885,10.00909846,9.117268756,9.142715490,9.810361898,9.562386844,9.600048864,9.962566826,10.03470255,9.880965781,9.110013562,9.231576315,9.789331541
