time,BAR,GAL,R20,R21
2.0,0.0,0.41163581209296685,0.16523541480008577,0.24523627845399235
