time,BAR,GAL,R20,R21
2.0,0.0,0.4309093874327968,0.13334835876826828,0.29505152828421155
