time,BAR,GAL,R20,R21
2,0.0,0.371945375799302,0.18908270563716548,0.27021049717438256
