time,BAR,GAL,R20,R21
2,0.0,0.3965422148980608,0.17134009494033428,0.3029859538228906
