time,BAR,GAL,R20,R21
2,0.0,0.46003682308254085,0.10589678946157327,0.31641878098910603
