time,BAR,GAL,R20,R21
2,0.0,0.3759048203772377,0.11419995743805604,0.32415022389869025
