time,BAR,GAL,R20,R21
2,0.0,0.36805125678532397,0.13576990288699672,0.3049770327593963
