time,BAR,GAL,R20,R21
2.0,-0.11177999999999999,-0.072852,-0.06280093,-0.08700231
