time,BAR,GAL,R20,R21
2.0,-0.1049,-0.065495,-0.06280093,-0.08700231
