time,BAR,GAL,R20,R21
2.0,-0.09630599999999999,-0.079696,-0.06280093,-0.08700231
