time,BAR,GAL,R20,R21
2.0,-0.10547000000000001,-0.078048,-0.06280093,-0.08700231
