time,BAR,GAL,R20,R21
2.0,-0.10733,-0.054684,-0.06280093,-0.08700231
