time,BAR,GAL,R20,R21
2.0,-0.10595999999999998,-0.075199,-0.06280093,-0.08700231
