time,BAR,GAL,R20,R21
2.0,-0.10845,-0.081615,-0.06280093,-0.08700231
