time,BAR,GAL
4.000000000000,-0.35691E-02,-0.37504
