time,BAR,GAL
4.000000000000,0.0000,-0.95607E-01
