time,BAR,GAL
4.000000000000,-0.15917,-1.0071
