time,PRG,P8,P24,P25,P32,P33,PF,PH,PZHM1,P26,P27,P28,P29,P30,R20,R21,P34,P37,P38,P39,P40,AP1,RCK1,RCK2,P23
4.000000000000,9.841148231,11.18274508,11.95850510,11.39141397,9.764529187,9.594666939,10.59654241,10.90119556,11.32004151,12.15988711,13.36407070,12.81983909,13.38341656,13.04076958,10.23315815,10.92336070,10.25559290,9.791977900,10.08940237,11.57814253,12.33862816,11.28928952,9.705793813,9.856325413,11.63087060
