time,PRG,P8,P24,P25,P32,P33,PF,PH,PZHM1,P26,P27,P28,P29,P30,R20,R21,P34,P37,P38,P39,P40,AP1,RCK1,RCK2,P23
4.000000000000,9.903278504,10.28054001,10.66096462,10.01189478,9.554122668,9.502160265,10.70874225,10.66093104,10.13706505,10.59193211,12.00706948,11.54464536,12.25219472,11.98067540,9.541844876,9.761701505,9.709825474,9.525593940,9.576315527,10.23299540,11.01656394,10.04889841,9.643960646,9.654478651,10.83388141
