time,BAR,GAL,R20,R21
4,0.0,0.7369911025169673,0.637458248109761,0.5203158505530556
