time,BAR,GAL
1.000000000000,-0.11889,-0.83969E-01
