time,q,mr
1.0,-0.32633122,0.17893700804669035
