time,BAR,GAL,R20,R21
1.0,0.0,0.34496178076068307,0.09973832190965719,0.3801200813012246
