time,BAR,GAL,R20,R21
1.0,0.0,0.34496178509383957,0.09973832152018375,0.3801200812277445
