time,BAR,GAL
1.000000000000,-0.12699,-0.77274E-01
