time,BAR,GAL
1.000000000000,-0.12630,-0.76316E-01
