time,BAR,GAL
1.000000000000,-0.11416,-0.10065
