time,BAR,GAL
1.000000000000,-0.10572,-0.69637E-01
