time,BAR,GAL
1.000000000000,-0.12674,-0.85337E-01
