time,q,mr
1.0,-0.29287511,0.17145275379355038
