time,q,mr
1.0,-0.30068811,0.17865944054051305
