time,q,mr
1.0,-0.26396811000000003,0.14397478322981191
