time,q,mr
1.0,-0.30342111,0.17004022547385586
