time,q,mr
1.0,-0.29122711,0.1708163958387849
