time,PRG,P8,P24,P25,P32,P33,PF,PH,PZHM1,P26,P27,P28,P29,P30,R20,R21,P34,P37,P38,P39,P40,AP1,RCK1,RCK2,P23
1.000000000000,9.091860106,9.375598188,9.553754594,9.498130577,9.109282347,9.091539427,10.18011791,9.380632332,9.654429357,10.26067503,10.18657464,9.720054460,9.906123292,9.883367350,9.290765165,1.060277297,9.190651672,9.152913973,9.249571088,9.453222646,9.722060748,9.384549141,9.048148348,9.078861708,9.748546869
