time,PRG,P8,P24,P25,P32,P33,PF,PH,PZHM1,P26,P27,P28,P29,P30,R20,R21,P34,P37,P38,P39,P40,AP1,RCK1,RCK2,P23
1.000000000000,8.518848357,9.635747145,9.766564039,9.687949721,8.649924279,8.460197618,9.759513286,8.943822502,9.700688178,10.54791338,10.17547153,9.908367590,10.04772447,10.00333055,9.547721955,6.617972427,9.066120031,9.149743287,9.334498095,9.664453930,9.891196778,9.549143572,8.430249146,8.561337196,9.837002712
