time,PRG,P8,P24,P25,P32,P33,PF,PH,PZHM1,P26,P27,P28,P29,P30,R20,R21,P34,P37,P38,P39,P40,AP1,RCK1,RCK2,P23
1.000000000000,9.145631849,9.804254608,9.899170151,9.982307116,9.243616190,9.149077087,9.791079453,9.578519407,10.18584915,10.47862283,10.32439225,9.949207826,9.966912938,9.884401089,9.811529964,6.695463127,9.780421568,9.425834708,9.729680561,9.899973826,9.955581395,9.808742579,9.120802186,9.164462401,9.733911058
