time,PRG,P8,P24,P25,P32,P33,PF,PH,PZHM1,P26,P27,P28,P29,P30,R20,R21,P34,P37,P38,P39,P40,AP1,RCK1,RCK2,P23
1.000000000000,9.221046879,9.956819470,10.10315147,10.15507313,9.333356275,9.187303508,9.928332314,9.685085198,10.18988645,10.67133838,10.59308363,10.20174663,10.14164448,10.00368918,9.925902732,9.221520679,9.755074579,9.626493047,9.811395504,10.10251198,10.18793444,10.00722958,9.088761858,9.193268500,9.833155741
