time,BAR,GAL,R20,R21
1.0,0.0,0.32769019270704186,0.0,0.1713711685509061
