time,BAR,GAL,R20,R21
1,0.018323247765428912,0.3193207413107623,0.1584179399438918,0.27252346784457687
