time,BAR,GAL,R20,R21
1,0.013952526003452469,0.35036140188320597,0.18907927467382035,0.23976655433376867
