time,BAR,GAL,R20,R21
1,0.0,0.3521366260398908,0.0,0.25959767896466324
