time,BAR,GAL,R20,R21
1,0.0,0.23337635235249074,0.14783180581881686,0.3171663699241486
