time,BAR,GAL,R20,R21
1.0,-0.12674000000000002,-0.085337,-0.0,-0.08861111
