time,BAR,GAL,R20,R21
1.0,-0.12699000000000002,-0.077274,-0.0,-0.08861111
