time,BAR,GAL,R20,R21
1.0,-0.10572000000000001,-0.069637,-0.0,-0.08861111
