time,BAR,GAL,R20,R21
1.0,-0.11416,-0.10065,-0.0,-0.08861111
