time,BAR,GAL,R20,R21
1.0,-0.1263,-0.076316,-0.0,-0.08861111
