time,BAR,GAL
3.000000000000,-0.13656,-0.93385E-01
