time,BAR,GAL
3.000000000000,-0.11455,-0.69279E-01
