time,BAR,GAL
3.000000000000,-0.14354,-0.84911E-01
