time,BAR,GAL
3.000000000000,-0.13961,-0.76901E-01
