time,BAR,GAL
3.000000000000,-0.14145,-0.79020E-01
