time,q,mr
3.0,-0.27423091,0.12592511735739112
