time,q,mr
3.0,-0.28617091,0.1376362667887715
