time,q,mr
3.0,-0.28766491,0.10009230923962621
