time,q,mr
3.0,-0.24154891,0.08234841012539894
