time,q,mr
3.0,-0.27818991,0.11362861336472943
