time,PRG,P8,P24,P25,P32,P33,PF,PH,PZHM1,P26,P27,P28,P29,P30,R20,R21,P34,P37,P38,P39,P40,AP1,RCK1,RCK2,P23
3.000000000000,9.234925760,9.922075421,9.999745798,10.02633705,9.288126603,9.202144956,9.782854421,9.506820209,10.07033146,10.45687551,10.26969652,10.03121823,10.06874952,9.982126820,8.784475553,9.933129187,9.875350859,9.491214318,9.592298834,10.00150838,10.03419608,9.957782054,9.152961091,9.204626406,9.890228298
