time,PRG,P8,P24,P25,P32,P33,PF,PH,PZHM1,P26,P27,P28,P29,P30,R20,R21,P34,P37,P38,P39,P40,AP1,RCK1,RCK2,P23
3.000000000000,9.091892787,9.415454368,10.00594295,9.984865160,9.095051533,9.085911539,10.17495814,9.389383534,9.791297649,10.51381249,10.49372533,10.06153733,10.01463643,9.947300653,9.216705517,9.842073493,9.182225745,9.130451989,9.204130207,9.968429020,10.07373608,9.941352616,9.045386475,9.070329461,9.772555713
