time,PRG,P8,P24,P25,P32,P33,PF,PH,PZHM1,P26,P27,P28,P29,P30,R20,R21,P34,P37,P38,P39,P40,AP1,RCK1,RCK2,P23
3.000000000000,9.145314868,9.837875938,10.09430009,10.19169701,9.240759389,9.148412198,9.779952405,9.600853640,10.31085144,10.59140536,10.47191283,10.11106867,10.02317045,9.919702789,9.599677820,10.06157508,9.825549547,9.416637282,9.683978246,10.12565510,10.12462353,10.09031660,9.120280229,9.163068628,9.746961244
