time,PRG,P8,P24,P25,P32,P33,PF,PH,PZHM1,P26,P27,P28,P29,P30,R20,R21,P34,P37,P38,P39,P40,AP1,RCK1,RCK2,P23
3.000000000000,9.221177174,10.03106553,10.25944370,10.30461513,9.333881199,9.187297241,9.918460793,9.703737504,10.31603315,10.76404548,10.70966411,10.33802311,10.20126228,10.04007097,9.443779645,10.15427732,9.818951334,9.624277371,9.741908045,10.26329406,10.33086649,10.19655699,9.089026857,9.194411914,9.853145338
