time,BAR,GAL,R20,R21
3,0.0,0.3463738841280162,0.07345592537415654,0.2985524294632425
