time,BAR,GAL,R20,R21
3.0,0.0,0.25415588559880836,0.039561792588090186,0.0
