time,BAR,GAL,R20,R21
3,0.005374972532364486,0.3513483673317456,0.11717133331206146,0.32457264813398096
