time,BAR,GAL,R20,R21
3,0.05541914980120485,0.330012742240386,0.05909432286202734,0.34607471603976875
