time,BAR,GAL,R20,R21
3,0.0,0.2524927440045622,0.09033295842358738,0.3114531605762207
