time,BAR,GAL,R20,R21
3.0,-0.11455,-0.069279,-0.05771991,-0.0
