time,BAR,GAL,R20,R21
3.0,-0.13656,-0.093385,-0.05771991,-0.0
