time,BAR,GAL,R20,R21
3.0,-0.14354,-0.084911,-0.05771991,-0.0
