time,BAR,GAL,R20,R21
3.0,-0.13960999999999998,-0.076901,-0.05771991,-0.0
