time,BAR,GAL,R20,R21
3.0,-0.14145,-0.07902,-0.05771991,-0.0
