time,BAR,GAL
10.00000000000,-0.13982,-0.82185E-01
