time,BAR,GAL
10.00000000000,-0.13696,-0.95291E-01
