time,BAR,GAL
10.00000000000,-0.14177,-0.82284E-01
