time,BAR,GAL
10.00000000000,-0.13274,-0.63353E-01
