time,BAR,GAL
10.00000000000,-0.13508,-0.79419E-01
