time,BAR,GAL
10.00000000000,-0.14112,-0.68968E-01
