time,BAR,GAL
10.00000000000,-0.14436,-0.88230E-01
