time,q,mr
10.0,-0.27283233,0.12079628395725442
