time,q,mr
10.0,-0.26842133,0.09668845209515885
