time,q,mr
10.0,-0.29058433,0.10315815677073212
