time,q,mr
10.0,-0.28238733000000005,0.1101144058707229
