time,q,mr
10.0,-0.29092333,0.12903148672468806
