time,q,mr
10.0,-0.28033833,0.11951061157976514
