time,q,mr
10.0,-0.25442633,0.06603380353761151
