time,PRG,P8,P24,P25,P32,P33,PF,PH,PZHM1,P26,P27,P28,P29,P30,R20,R21,P34,P37,P38,P39,P40,AP1,RCK1,RCK2,P23
10.00000000000,9.250080784,10.03234049,10.26119453,10.30659853,9.334464353,9.188922579,10.08676372,9.764474700,10.32141048,10.76575382,10.71136201,10.33964717,10.20203227,10.04058280,9.439246970,10.15656027,9.821369929,9.624288320,9.741475889,10.26514299,10.33256179,10.19850850,9.090454687,9.195034126,9.853450764
