time,PRG,P8,P24,P25,P32,P33,PF,PH,PZHM1,P26,P27,P28,P29,P30,R20,R21,P34,P37,P38,P39,P40,AP1,RCK1,RCK2,P23
10.00000000000,9.163860157,9.840504502,10.09945180,10.19891079,9.242608769,9.150565549,10.02698895,9.672165060,10.32846178,10.59583219,10.47659210,10.11551354,10.02499107,9.920987661,9.603229109,10.06938429,9.832697056,9.418465238,9.687819843,10.13192441,10.12927599,10.09716736,9.122383283,9.164842037,9.747535024
