time,PRG,P8,P24,P25,P32,P33,PF,PH,PZHM1,P26,P27,P28,P29,P30,R20,R21,P34,P37,P38,P39,P40,AP1,RCK1,RCK2,P23
10.00000000000,9.096317279,9.415249374,10.00671904,9.985842739,9.094986363,9.086512949,10.25507168,9.401226856,9.795362010,10.51459899,10.49452241,10.06215779,10.01487238,9.947466723,9.215971140,9.843034122,9.182418768,9.130311388,9.203712308,9.969336795,10.07438315,9.942247335,9.045443631,9.070304610,9.772660144
