time,PRG,P8,P24,P25,P32,P33,PF,PH,PZHM1,P26,P27,P28,P29,P30,R20,R21,P34,P37,P38,P39,P40,AP1,RCK1,RCK2,P23
10.00000000000,9.442434339,10.01874453,10.27946083,10.40944374,9.377687222,9.204397551,10.40696788,10.61015998,10.39752771,10.94164621,10.85411689,10.38603370,10.27539300,10.12900110,9.329392441,10.19792715,9.986567177,9.575552260,9.692159614,10.29755491,10.34639134,10.25380517,9.111069480,9.240939824,9.838691634
