time,PRG,P8,P24,P25,P32,P33,PF,PH,PZHM1,P26,P27,P28,P29,P30,R20,R21,P34,P37,P38,P39,P40,AP1,RCK1,RCK2,P23
10.00000000000,9.070478324,9.899499140,10.16280791,10.14281145,9.213326115,9.102470266,10.13010623,9.175352938,10.12443985,10.49884412,10.29564527,10.16941171,10.21269079,10.21871718,9.672269356,9.949982612,9.484360060,9.627890292,9.761621503,10.14081674,10.17078358,10.05261935,9.040547093,9.062543142,9.899881728
