time,PRG,P8,P24,P25,P32,P33,PF,PH,PZHM1,P26,P27,P28,P29,P30,R20,R21,P34,P37,P38,P39,P40,AP1,RCK1,RCK2,P23
10.00000000000,9.266642530,9.924005548,10.00172519,10.02848814,9.290417563,9.205431809,10.00399108,9.549910460,10.07690375,10.45877907,10.27167236,10.03311544,10.06965441,9.982853803,8.774819468,9.935380430,9.877639066,9.492086991,9.591949348,10.00362370,10.03610246,9.959956926,9.156201798,9.207303632,9.890763424
