time,BAR,GAL,R20,R21
10.0,0.0,0.3313788180891277,0.1138175594223561,0.3284321818480843
