time,BAR,GAL,R20,R21
10,0.05100686488296478,0.3049680528495844,0.05601578849301793,0.3383908103263428
