time,BAR,GAL,R20,R21
10,0.0,0.32488821790016065,0.0747739062157595,0.30049019165355384
