time,BAR,GAL,R20,R21
10,0.0,0.2572276902243963,0.09367989175459737,0.3047269571768679
