time,BAR,GAL,R20,R21
10.0,0.0,0.22195035184212308,0.04696316239380629,0.0
