time,BAR,GAL,R20,R21
10,0.0058783763010952445,0.3258029406894287,0.10123502314320448,0.40272846188622136
