time,BAR,GAL,R20,R21
10,0.0,0.3085687532929958,0.08008925823217172,0.6271178773141316
