time,BAR,GAL,R20,R21
10.0,-0.13508,-0.079419,-0.05833333,-0.0
