time,BAR,GAL,R20,R21
10.0,-0.13274,-0.06335299999999999,-0.05833333,-0.0
