time,BAR,GAL,R20,R21
10.0,-0.13696,-0.095291,-0.05833333,-0.0
