time,BAR,GAL,R20,R21
10.0,-0.13982,-0.08218500000000001,-0.05833333,-0.0
