time,BAR,GAL,R20,R21
10.0,-0.14112,-0.068968,-0.05833333,-0.0
