time,BAR,GAL,R20,R21
10.0,-0.14436,-0.08822999999999999,-0.05833333,-0.0
