time,BAR,GAL,R20,R21
10.0,-0.14177,-0.08228400000000001,-0.05833333,-0.0
