time,BAR,GAL
5.000000000000,-0.11919,-0.75280E-01
