time,BAR,GAL
5.000000000000,-0.11742,-0.64479E-01
