time,BAR,GAL
5.000000000000,-0.11824,-0.75528E-01
