time,BAR,GAL
5.000000000000,-0.12114,-0.81616E-01
