time,BAR,GAL
5.000000000000,-0.11751,-0.11970
