time,BAR,GAL
5.000000000000,-0.12068,-0.73487E-01
