time,BAR,GAL
5.000000000000,-0.11779,-0.70606E-01
