time,q,mr
5.0,-0.35165444999999995,0.2422541735373716
