time,q,mr
5.0,-0.30284045000000004,0.1687777612807042
