time,q,mr
5.0,-0.29634345,0.16504998309849864
