time,q,mr
5.0,-0.31720044999999997,0.18586280758721427
