time,q,mr
5.0,-0.30891445,0.17970746561637846
