time,q,mr
5.0,-0.30821244999999997,0.1682868163708832
