time,q,mr
5.0,-0.30861145,0.17172994782923928
