time,PRG,P8,P24,P25,P32,P33,PF,PH,PZHM1,P26,P27,P28,P29,P30,R20,R21,P34,P37,P38,P39,P40,AP1,RCK1,RCK2,P23
5.000000000000,9.064828565,9.808489081,10.08295459,10.02336225,9.212963026,9.101940893,9.987272461,9.163412642,10.01183188,10.44414000,10.22422336,10.09557611,10.15235919,10.17160641,9.588796605,8.061985078,9.441333460,9.623520799,9.706873543,10.02495098,10.09676612,9.856166313,9.040348604,9.061814725,9.876005762
