time,PRG,P8,P24,P25,P32,P33,PF,PH,PZHM1,P26,P27,P28,P29,P30,R20,R21,P34,P37,P38,P39,P40,AP1,RCK1,RCK2,P23
5.000000000000,9.366724515,9.900391210,10.05966614,10.22626722,9.374270520,9.202315308,10.14472667,10.42992811,10.26344122,10.83918654,10.71566955,10.19699789,10.17617094,10.05093121,9.235714683,9.504513162,9.870540492,9.569906656,9.641381501,10.07763979,10.14181517,10.00907457,9.110100967,9.234923558,9.806699914
