time,PRG,P8,P24,P25,P32,P33,PF,PH,PZHM1,P26,P27,P28,P29,P30,R20,R21,P34,P37,P38,P39,P40,AP1,RCK1,RCK2,P23
5.000000000000,9.226917628,9.777695465,9.845861409,9.868135945,9.281748301,9.198847063,9.787673678,9.472791060,9.922405088,10.35872173,10.13469590,9.886246735,10.00134957,9.928089980,8.654600469,9.607956165,9.728030172,9.483843757,9.519809598,9.839738533,9.888816013,9.781921071,9.148350199,9.196621802,9.850606247
