time,PRG,P8,P24,P25,P32,P33,PF,PH,PZHM1,P26,P27,P28,P29,P30,R20,R21,P34,P37,P38,P39,P40,AP1,RCK1,RCK2,P23
5.000000000000,9.090222036,9.288193776,9.671949908,9.623364240,9.069056703,9.075614057,10.17745789,9.375767284,9.628875372,10.32495722,10.26458191,9.806553442,9.930711764,9.896677507,9.125279217,4.110462867,9.127564840,9.090295718,9.127799653,9.588622066,9.811537900,9.533313176,9.040182477,9.054124024,9.752737534
