time,PRG,P8,P24,P25,P32,P33,PF,PH,PZHM1,P26,P27,P28,P29,P30,R20,R21,P34,P37,P38,P39,P40,AP1,RCK1,RCK2,P23
5.000000000000,9.142079729,9.771063268,9.920089813,9.998316965,9.231434486,9.145337470,9.784315637,9.563447691,10.15073251,10.48886197,10.33842187,9.964745577,9.965636748,9.880438081,9.478123288,7.807429353,9.700970955,9.393888140,9.595296847,9.923871150,9.972303812,9.844503511,9.117132621,9.155540161,9.730286093
