time,PRG,P8,P24,P25,P32,P33,PF,PH,PZHM1,P26,P27,P28,P29,P30,R20,R21,P34,P37,P38,P39,P40,AP1,RCK1,RCK2,P23
5.000000000000,9.218004495,9.901448227,10.09506764,10.14749846,9.332896726,9.187054833,9.918397642,9.678081300,10.16699667,10.66538997,10.58506254,10.19167680,10.12659580,9.989582012,9.333803405,9.477494312,9.734657544,9.619257565,9.681528398,10.09584762,10.17909238,10.00571529,9.088551802,9.192639869,9.822660248
