time,BAR,GAL,R20,R21
5.0,-3.6213506676684382e-06,0.45496557347913075,0.18177227283321953,0.35523579902414537
