time,BAR,GAL,R20,R21
5,0.0,0.33971528113654753,0.1034068142869739,0.37059962778160643
