time,BAR,GAL,R20,R21
5,0.0,0.34879827600144747,0.0911835826310883,0.3704916560476532
