time,BAR,GAL,R20,R21
5,0.0,0.3544609067969154,0.0977947455572875,0.40597540051837633
