time,BAR,GAL,R20,R21
5,0.0,0.3704214088919659,0.10922586689989638,0.392680018706508
