time,BAR,GAL,R20,R21
5.0,0.0,0.3458965958271633,0.08720897399881293,0.39469060209439094
