time,BAR,GAL,R20,R21
5,0.0,0.36912092120133383,0.07673794392030632,0.3424357527987204
