time,BAR,GAL,R20,R21
5.0,-0.12114000000000001,-0.081616,-0.05721065,-0.0572338
