time,BAR,GAL,R20,R21
5.0,-0.11750999999999999,-0.1197,-0.05721065,-0.0572338
