time,BAR,GAL,R20,R21
5.0,-0.11824000000000001,-0.075528,-0.05721065,-0.0572338
