time,BAR,GAL,R20,R21
5.0,-0.11919,-0.07528,-0.05721065,-0.0572338
