time,BAR,GAL,R20,R21
5.0,-0.11742000000000001,-0.064479,-0.05721065,-0.0572338
