time,BAR,GAL,R20,R21
5.0,-0.12068,-0.073487,-0.05721065,-0.0572338
