time,BAR,GAL,R20,R21
5.0,-0.11779,-0.07060599999999999,-0.05721065,-0.0572338
